id,family,genus,species,location,sitename,habitat,lat,long,date,weight,tl,sl,intestine_length,intestine_diameter,intestine_surface,trophic_guild_predicted
GAM18A001,Acanthuridae,Naso,Naso lituratus,Mangareva,A1,Outer,23.0744,135.014887,13.06.18,600,290,230,1087.487,12.0209,41068.69766,2
GAM18A002,Serranidae,Cephalopholis,Cephalopholis urodeta,Mangareva,A1,Outer,23.0744,135.014887,13.06.18,85.3,170,145,81.582,2.6249,672.7550764,7
GAM18A004,Serranidae,Epinephelus,Epinephelus merra,Mangareva,A2,Lagoon,23.07165,135.0064,13.06.18,232.1,249,199,200.017,4.0626,2552.823834,7
GAM18A005,Acanthuridae,Naso,Naso lituratus,Mangareva,A2,Lagoon,23.07165,135.0064,13.06.18,379,300,190,778.551,8.5959,21024.62673,2
GAM18A006,Acanthuridae,Zebrasoma,Zebrasoma scopas,Mangareva,A2,Lagoon,23.07165,135.0064,13.06.18,53,129,105,308.799,4.0281,3907.74307,2
GAM18A007,Holocentridae,Myripristis,Myripristis amaena,Mangareva,A2,Lagoon,23.07165,135.0064,13.06.18,13.6,215,160,141.334,3.928,1744.086427,8
GAM18A008,Acanthuridae,Zebrasoma,Zebrasoma scopas,Mangareva,A2,Lagoon,23.07165,135.0064,13.06.18,75.8,149,115,585.699,3.1907,5870.976305,2
GAM18A009,Acanthuridae,Naso,Naso lituratus,Mangareva,A2,Lagoon,23.07165,135.0064,13.06.18,396,300,205,841.544,8.6622,22901.02429,2
GAM18A010,Chaetodontidae,Chaetodon,Chaetodon auriga,Mangareva,A2,Lagoon,23.07165,135.0064,13.06.18,118.1,191,156,968.356,3.7126,11294.39782,3
GAM18A011,Labridae,Epibulus,Epibulus insidiator,Mangareva,A2,Lagoon,23.07165,135.0064,13.06.18,238.6,284,175,73.056,6.0337,1384.807718,7
GAM18A012,Acanthuridae,Naso,Naso lituratus,Mangareva,A2,Lagoon,23.07165,135.0064,13.06.18,356,310,215,810.771,7.9017,20126.51661,2
GAM18A013,Serranidae,Epinephelus,Epinephelus merra,Mangareva,A2,Lagoon,23.07165,135.0064,13.06.18,129.5,226,178,133.069,5.0717,2120.217048,7
GAM18A014,Labridae,Chlorurus,Chlorurus spilurus,Mangareva,A2,Lagoon,23.07165,135.0064,13.06.18,71.4,245,190,401.09,6.1163,7706.913525,2
GAM18A015,Acanthuridae,Naso,Naso lituratus,Mangareva,A2,Lagoon,23.07165,135.0064,13.06.18,345,300,210,668.053,8.185,17178.272,2
GAM18A017,Serranidae,Epinephelus,Epinephelus merra,Mangareva,A2,Lagoon,23.07165,135.0064,13.06.18,167.8,228,180,180.353,4.7015,2663.849495,7
GAM18A019,Labridae,Halichoeres,Halichoeres trimaculatus,Mangareva,A2,Lagoon,23.07165,135.0064,13.06.18,82.6,180,140,68.163,3.0596,655.1839068,5
GAM18A020,Chaetodontidae,Chaetodon,Chaetodon reticulatus,Mangareva,A2,Lagoon,23.07165,135.0064,13.06.18,58.7,120,95,1111.033,2.2309,7786.762609,3
GAM18A021,Labridae,Halichoeres,Halichoeres trimaculatus,Mangareva,A2,Lagoon,23.07165,135.0064,13.06.18,74.1,186,152,107.434,4.3344,1462.920097,5
GAM18A023,Chaetodontidae,Chaetodon,Chaetodon reticulatus,Mangareva,A2,Lagoon,23.07165,135.0064,13.06.18,55,119,94,1152.115,2.5773,9328.475547,3
GAM18A025,Labridae,Halichoeres,Halichoeres trimaculatus,Mangareva,A2,Lagoon,23.07165,135.0064,13.06.18,59.1,160,129,138.019,3.5366,1533.467908,5
GAM18A026,Chaetodontidae,Chaetodon,Chaetodon reticulatus,Mangareva,A2,Lagoon,23.07165,135.0064,13.06.18,62,125,110,1399.968,2.8349,12468.25642,3
GAM18A027,Labridae,Scarus,Scarus psittacus,Mangareva,A2,Lagoon,23.07165,135.0064,13.06.18,190.3,226,175,280.781,7.4523,6573.670304,2
GAM18A029,Acanthuridae,Ctenochaetus,Ctenochaetus striatus,Mangareva,A2,Lagoon,23.07165,135.0064,13.06.18,93.2,195,138,376.151,8.4651,10003.32056,2
GAM18A030,Pomacentridae,Dascyllus,Dascyllus flavicaudus,Mangareva,A2,Lagoon,23.07165,135.0064,13.06.18,31,100,85,235.219,2.9824,2203.881111,8
GAM18A031,Holocentridae,Myripristis,Myripristis violacea,Mangareva,A2,Lagoon,23.07165,135.0064,13.06.18,98.1,174,126,157.678,2.7276,1351.144063,7
GAM18A032,Serranidae,Epinephelus,Epinephelus merra,Mangareva,A2,Lagoon,23.07165,135.0064,13.06.18,58,160,140,136.918,2.3946,1030.01464,7
GAM18A033,Acanthuridae,Ctenochaetus,Ctenochaetus striatus,Mangareva,A2,Lagoon,23.07165,135.0064,13.06.18,83,175,116,476.319,5.4986,8228.106531,2
GAM18A034,Balistidae,Rhinecanthus,Rhinecanthus aculeatus,Mangareva,A2,Lagoon,23.07165,135.0064,13.06.18,132.6,173,139,339.628,3.7235,3972.873332,5
GAM18A035,Serranidae,Epinephelus,Epinephelus merra,Mangareva,A2,Lagoon,23.07165,135.0064,13.06.18,115,200,170,186.903,2.1937,1288.081611,7
GAM18A036,Pomacentridae,Dascyllus,Dascyllus flavicaudus,Mangareva,A2,Lagoon,23.07165,135.0064,13.06.18,36.8,102,71,240.594,1.7564,1327.572029,8
GAM18A037,Chaetodontidae,Chaetodon,Chaetodon reticulatus,Mangareva,A2,Lagoon,23.07165,135.0064,13.06.18,68.9,132,101,1823.436,2.5586,14656.92255,3
GAM18A038,Pomacentridae,Dascyllus,Dascyllus flavicaudus,Mangareva,A2,Lagoon,23.07165,135.0064,13.06.18,29,99,78,269.842,2.1018,1781.766575,8
GAM18A039,Pomacentridae,Stegastes,Stegastes nigricans,Mangareva,A2,Lagoon,23.07165,135.0064,13.06.18,41.3,125,105,416.024,3.5619,4655.324732,2
GAM18A040,Pomacentridae,Stegastes,Stegastes nigricans,Mangareva,A2,Lagoon,23.07165,135.0064,13.06.18,45.5,124,91,506.816,3.9027,6213.915712,2
GAM18A041,Chaetodontidae,Chaetodon,Chaetodon ornatissimus,Mangareva,B1,Lagoon,23.15397,135.0599,14.06.18,126,160,135,1529.415,2.8653,13767.19037,3
GAM18A042,Holocentridae,Sargocentron,Sargocentron spiniferum,Mangareva,B1,Lagoon,23.15397,135.0599,14.06.18,500,302,235,290.392,7.1681,6539.410133,7
GAM18A045,Holocentridae,Sargocentron,Sargocentron spiniferum,Mangareva,B1,Lagoon,23.15397,135.0599,14.06.18,510,311,245,328.893,8.8277,9121.201892,7
GAM18A047,Chaetodontidae,Chaetodon,Chaetodon ornatissimus,Mangareva,B1,Lagoon,23.15397,135.0599,14.06.18,155.7,174,138,3405.379,2.8579,30574.71058,3
GAM18A048,Labridae,Epibulus,Epibulus insidiator,Mangareva,B1,Lagoon,23.15397,135.0599,14.06.18,146,205,180,59.965,6.0586,1141.353017,7
GAM18A049,Labridae,Epibulus,Epibulus insidiator,Mangareva,B1,Lagoon,23.15397,135.0599,14.06.18,200.1,254,180,71.573,6.77,1522.256238,7
GAM18A050,Chaetodontidae,Chaetodon,Chaetodon ornatissimus,Mangareva,B1,Lagoon,23.15397,135.0599,14.06.18,147.2,165,130,2778.115,3.0633,26735.58079,3
GAM18A051,Labridae,Epibulus,Epibulus insidiator,Mangareva,B1,Lagoon,23.15397,135.0599,14.06.18,206.9,246,181,75.783,7.7529,1845.80513,7
GAM18A053,Labridae,Chlorurus,Chlorurus spilurus,Mangareva,B1,Lagoon,23.15397,135.0599,14.06.18,225.7,219,175,428.075,7.4038,9956.906218,2
GAM18A054,Labridae,Epibulus,Epibulus insidiator,Mangareva,B1,Lagoon,23.15397,135.0599,14.06.18,241.8,254,189,85.989,7.2471,1957.749065,7
GAM18A056,Labridae,Chlorurus,Chlorurus spilurus,Mangareva,B1,Lagoon,23.15397,135.0599,14.06.18,208.8,215,169,559.857,8.4821,14918.67914,2
GAM18A057,Labridae,Epibulus,Epibulus insidiator,Mangareva,B1,Lagoon,23.15397,135.0599,14.06.18,224.2,261,180,121.413,6.4137,2446.378802,7
GAM18A058,Serranidae,Epinephelus,Epinephelus merra,Mangareva,B1,Lagoon,23.15397,135.0599,14.06.18,114.2,201,151,151.754,4.498,2144.418133,7
GAM18A059,Acanthuridae,Naso,Naso lituratus,Mangareva,B1,Lagoon,23.15397,135.0599,14.06.18,550,300,225,1111.506,9.4861,33124.5039,2
GAM18A060,Labridae,Chlorurus,Chlorurus spilurus,Mangareva,B1,Lagoon,23.15397,135.0599,14.06.18,176.1,204,155,590.66,9.0298,16755.81532,2
GAM18A061,Serranidae,Epinephelus,Epinephelus merra,Mangareva,B1,Lagoon,23.15397,135.0599,14.06.18,66.6,169,132,59.893,4.1998,790.2318851,7
GAM18A063,Chaetodontidae,Chaetodon,Chaetodon auriga,Mangareva,B1,Lagoon,23.15397,135.0599,14.06.18,132.8,176,147,822.575,4.4516,11503.80503,3
GAM18A064,Chaetodontidae,Chaetodon,Chaetodon auriga,Mangareva,B1,Lagoon,23.15397,135.0599,14.06.18,158.8,175,142,1072.024,3.4992,11784.82524,3
GAM18A066,Chaetodontidae,Chaetodon,Chaetodon reticulatus,Mangareva,B1,Lagoon,23.15397,135.0599,14.06.18,85.5,145,117,1504.89,2.983,14102.88233,3
GAM18A067,Chaetodontidae,Chaetodon,Chaetodon reticulatus,Mangareva,B1,Lagoon,23.15397,135.0599,14.06.18,109.4,145,114,2920.206,2.998,27503.94495,3
GAM18A068,Chaetodontidae,Chaetodon,Chaetodon reticulatus,Mangareva,B1,Lagoon,23.15397,135.0599,14.06.18,81.2,140,110,1737.468,2.8941,15797.20378,3
GAM18A070,Chaetodontidae,Chaetodon,Chaetodon ornatissimus,Mangareva,B1,Lagoon,23.15397,135.0599,14.06.18,125.4,159,132,2520.467,3.3114,26220.59441,3
GAM18A073,Serranidae,Cephalopholis,Cephalopholis argus,Mangareva,C1,Outer,23.06875,135.0078,14.06.18,1950,430,380,495.92,8.3135,12952.25533,4
GAM18A074,Aulostomidae,Aulostomus,Aulostomus chinensis,Mangareva,C2,Lagoon,23.077614,135.013461,14.06.18,254.5,621,570,94.116,6.5215,1928.238866,NA
GAM18A075,Acanthuridae,Zebrasoma,Zebrasoma scopas,Mangareva,C2,Lagoon,23.077614,135.013461,15.06.18,57.5,145,111,764.263,4.1862,10051.07887,2
GAM18A076,Chaetodontidae,Chaetodon,Chaetodon ornatissimus,Mangareva,C1,Outer,23.06875,135.0078,15.06.18,94.4,140,120,1767.077,3.4955,19405.04496,3
GAM18A077,Acanthuridae,Zebrasoma,Zebrasoma scopas,Mangareva,C1,Outer,23.06875,135.0078,15.06.18,39.4,120,91,561.386,3.1221,5506.279593,2
GAM18A079,Acanthuridae,Zebrasoma,Zebrasoma scopas,Mangareva,C1,Outer,23.06875,135.0078,15.06.18,41.7,124,95,496.6,4.0303,6287.731129,2
GAM18A080,Labridae,Epibulus,Epibulus insidiator,Mangareva,C1,Outer,23.06875,135.0078,15.06.18,202.1,230,168,93.922,6.8873,2032.198869,7
GAM18A081,Acanthuridae,Zebrasoma,Zebrasoma scopas,Mangareva,C1,Outer,23.06875,135.0078,15.06.18,32,110,92,369.05,3.8441,4456.867872,2
GAM18A083,Labridae,Epibulus,Epibulus insidiator,Mangareva,C1,Outer,23.06875,135.0078,15.06.18,133.9,218,154,39.768,6.1463,767.8871094,7
GAM18A084,Balistidae,Sufflamen,Sufflamen bursa,Mangareva,C1,Outer,23.06875,135.0078,15.06.18,120.6,175,138,370.445,4.8808,5680.213008,6
GAM18A085,Chaetodontidae,Chaetodon,Chaetodon ornatissimus,Mangareva,C1,Outer,23.06875,135.0078,15.06.18,80.4,140,120,1713.998,3.8801,20893.11055,3
GAM18A086,Serranidae,Cephalopholis,Cephalopholis urodeta,Mangareva,C1,Outer,23.06875,135.0078,15.06.18,159.2,193,145,162.761,3.3174,1696.282035,7
GAM18A088,Serranidae,Cephalopholis,Cephalopholis urodeta,Mangareva,C1,Outer,23.06875,135.0078,15.06.18,163,203,154,159.406,2.8871000000000002,1445.827109,7
GAM18A089,Serranidae,Cephalopholis,Cephalopholis urodeta,Mangareva,C1,Outer,23.06875,135.0078,15.06.18,93.5,150,120,119.373,1.9225,720.97852580000006,7
GAM18A090,Serranidae,Cephalopholis,Cephalopholis urodeta,Mangareva,C1,Outer,23.06875,135.0078,15.06.18,116.2,194,148,99.833,2.0756,650.980016,7
GAM18A091,Pomacentridae,Stegastes,Stegastes nigricans,Mangareva,C1,Outer,23.06875,135.0078,15.06.18,35.3,110,90,480.987,3.4573,5224.205805,2
GAM18A092,Serranidae,Cephalopholis,Cephalopholis urodeta,Mangareva,C1,Outer,23.06875,135.0078,15.06.18,149.5,214,179,44.612,2.6113,365.9808277,7
GAM18A094,Pomacentridae,Stegastes,Stegastes nigricans,Mangareva,C1,Outer,23.06875,135.0078,15.06.18,53.5,125,100,493.232,4.9095,7607.437309,2
GAM18A095,Pomacentridae,Dascyllus,Dascyllus flavicaudus,Mangareva,C1,Outer,23.06875,135.0078,15.06.18,22.2,89,65,321.593,2.2444,2267.549204,8
GAM18A096,Serranidae,Cephalopholis,Cephalopholis urodeta,Mangareva,C1,Outer,23.06875,135.0078,15.06.18,91.6,168,132,117.164,1.9655,723.4643095,7
GAM18A097,Pomacentridae,Chromis,Chromis viridis,Mangareva,C2,Lagoon,23.077614,135.013461,15.06.18,24.8,125,82,119.208,2.0802,779.0410929,8
GAM18A098,Serranidae,Cephalopholis,Cephalopholis urodeta,Mangareva,C1,Outer,23.06875,135.0078,15.06.18,96.1,181,144,134.707,2.1552,912.0688329,7
GAM18A099,Holocentridae,Sargocentron,Sargocentron tiere,Mangareva,C1,Outer,23.06875,135.0078,15.06.18,112.3,205,175,177.275,3.4154,1902.124506,7
GAM18A100,Chaetodontidae,Chaetodon,Chaetodon ornatissimus,Mangareva,C1,Outer,23.06875,135.0078,15.06.18,87.8,139,111,1973.844,3.519,21821.3676,3
GAM18A101,Serranidae,Cephalopholis,Cephalopholis argus,Mangareva,C1,Outer,23.06875,135.0078,15.06.18,115,411,332,374.319,6.5877,7746.857334,4
GAM18A102,Holocentridae,Myripristis,Myripristis violacea,Mangareva,C2,Lagoon,23.077614,135.013461,15.06.18,102.9,180,140,94.651,5.4488,1620.227304,7
GAM18A103,Acanthuridae,Naso,Naso lituratus,Mangareva,C2,Lagoon,23.077614,135.013461,15.06.18,95,450,270,1624.935,13.288,67833.69671,2
GAM18A104,Serranidae,Cephalopholis,Cephalopholis argus,Mangareva,C1,Outer,23.06875,135.0078,15.06.18,600,320,290,323.375,3.8805,3942.248551,4
GAM18A105,Serranidae,Epinephelus,Epinephelus merra,Mangareva,C2,Lagoon,23.077614,135.013461,15.06.18,158.9,212,162,175.868,5.3744,2969.386187,7
GAM18A106,Pomacentridae,Stegastes,Stegastes nigricans,Mangareva,C2,Lagoon,23.077614,135.013461,15.06.18,43,125,105,503.656,3.2149,5086.878368,2
GAM18A107,Labridae,Halichoeres,Halichoeres trimaculatus,Mangareva,C2,Lagoon,23.077614,135.013461,15.06.18,90.2,181,144,135.704,2.9941,1276.464741,5
GAM18A108,Chaetodontidae,Chaetodon,Chaetodon reticulatus,Mangareva,C1,Outer,23.06875,135.0078,15.06.18,52.9,136,105,1805.152,2.2795,12927.16363,3
GAM18A109,Pomacentridae,Stegastes,Stegastes nigricans,Mangareva,C1,Outer,23.06875,135.0078,15.06.18,21.8,112,85,250.678,2.5635,2018.828446,2
GAM18A110,Labridae,Halichoeres,Halichoeres trimaculatus,Mangareva,C2,Lagoon,23.077614,135.013461,15.06.18,34.3,137,105,101.754,3.1163,996.1864333,5
GAM18A111,Balistidae,Sufflamen,Sufflamen bursa,Mangareva,C1,Outer,23.06875,135.0078,15.06.18,75.7,149,115,327.347,3.7835,3890.917085,6
GAM18A112,Balistidae,Sufflamen,Sufflamen bursa,Mangareva,C1,Outer,23.06875,135.0078,15.06.18,103.3,172,136,192.215,3.5682,2154.697648,6
GAM18A113,Holocentridae,Myripristis,Myripristis berndti,Mangareva,C1,Outer,23.06875,135.0078,15.06.18,229,260,210,204.124,3.3049,2119.347959,7
GAM18A114,Serranidae,Cephalopholis,Cephalopholis argus,Mangareva,D1,Outer,23.06495,135.00885,15.06.18,125,405,322,315.973,8.9392,8873.572466,4
GAM18A115,Labridae,Chlorurus,Chlorurus spilurus,Mangareva,D2,Lagoon,23.08718,134.97366,15.06.18,450,302,235,768.79,12.3033,29715.23794,2
GAM18A116,Chaetodontidae,Chaetodon,Chaetodon auriga,Mangareva,D2,Lagoon,23.08718,134.97366,15.06.18,158.3,180,145,1185.721,2.4122,8985.571358,3
GAM18A118,Labridae,Epibulus,Epibulus insidiator,Mangareva,D2,Lagoon,23.08718,134.97366,16.06.18,520,350,259,108.368,9.8597,3356.716257,7
GAM18A119,Chaetodontidae,Chaetodon,Chaetodon auriga,Mangareva,D2,Lagoon,23.08718,134.97366,16.06.18,172.3,190,160,1054.754,4.1626,13793.22224,3
GAM18A121,Labridae,Epibulus,Epibulus insidiator,Mangareva,D2,Lagoon,23.08718,134.97366,16.06.18,329,300,207,95.659,7.6086,2286.548734,7
GAM18A122,Acanthuridae,Naso,Naso lituratus,Mangareva,D2,Lagoon,23.08718,134.97366,16.06.18,246,260,190,840.547,7.5442,19921.63911,2
GAM18A123,Pomacentridae,Abudefduf,Abudefduf sexfasciatus,Mangareva,D2,Lagoon,23.08718,134.97366,16.06.18,75.5,159,114,213.415,3.0502,2045.046231,8
GAM18A124,Labridae,Epibulus,Epibulus insidiator,Mangareva,D2,Lagoon,23.08718,134.97366,16.06.18,155.2,218,161,57.525,6.1135,1104.832438,7
GAM18A126,Pomacentridae,Chromis,Chromis viridis,Mangareva,D2,Lagoon,23.08718,134.97366,16.06.18,33.4,140,92,164.02,2.8639,1475.721925,8
GAM18A127,Pomacentridae,Chromis,Chromis viridis,Mangareva,D2,Lagoon,23.08718,134.97366,16.06.18,32.4,139,91,119.692,2.8278,1063.319276,8
GAM18A129,Pomacentridae,Abudefduf,Abudefduf sexfasciatus,Mangareva,D2,Lagoon,23.08718,134.97366,16.06.18,73.4,158,107,160.149,2.6014,1308.823969,8
GAM18A130,Pomacentridae,Chromis,Chromis viridis,Mangareva,D2,Lagoon,23.08718,134.97366,16.06.18,28.5,132,87,112.971,3.0289,1074.983457,8
GAM18A131,Pomacentridae,Chromis,Chromis viridis,Mangareva,D2,Lagoon,23.08718,134.97366,16.06.18,26.1,125,90,128.554,2.1227,857.2827538,8
GAM18A132,Pomacentridae,Abudefduf,Abudefduf sexfasciatus,Mangareva,D2,Lagoon,23.08718,134.97366,16.06.18,74.5,155,104,117.177,1.8205,670.1668335,8
GAM18A133,Pomacentridae,Chromis,Chromis viridis,Mangareva,D2,Lagoon,23.08718,134.97366,16.06.18,33.3,148,99,133.972,3.3105,1393.341285,8
GAM18A134,Holocentridae,Neoniphon,Neoniphon sammara,Mangareva,D2,Lagoon,23.08718,134.97366,16.06.18,136.5,205,185,189.185,2.9641,1761.689733,7
GAM18A136,Pomacentridae,Abudefduf,Abudefduf sexfasciatus,Mangareva,D2,Lagoon,23.08718,134.97366,16.06.18,64.1,149,110,170.359,2.7325,1462.430128,8
GAM18A138,Aulostomidae,Aulostomus,Aulostomus chinensis,Mangareva,D2,Lagoon,23.08718,134.97366,16.06.18,156.5,400,385,62.49,2.9733,583.7126808,NA
GAM18A140,Aulostomidae,Aulostomus,Aulostomus chinensis,Mangareva,D2,Lagoon,23.08718,134.97366,16.06.18,43.1,320,290,102.066,4.1284,1323.770617,NA
GAM18A141,Chaetodontidae,Chaetodon,Chaetodon auriga,Mangareva,D2,Lagoon,23.08718,134.97366,16.06.18,163.4,185,151,1079.942,3.7523,12730.57025,3
GAM18A142,Serranidae,Epinephelus,Epinephelus merra,Mangareva,D2,Lagoon,23.08718,134.97366,16.06.18,149.8,205,185,270.755,4.2652,3627.987305,7
GAM18A143,Aulostomidae,Aulostomus,Aulostomus chinensis,Mangareva,D2,Lagoon,23.08718,134.97366,16.06.18,194.3,485,430,70.001,4.6543,1023.54865,NA
GAM18A145,Serranidae,Epinephelus,Epinephelus merra,Mangareva,D2,Lagoon,23.08718,134.97366,16.06.18,172.7,222,173,300.106,4.415,4162.509704,7
GAM18A146,Acanthuridae,Zebrasoma,Zebrasoma scopas,Mangareva,D2,Lagoon,23.08718,134.97366,16.06.18,63.8,141,101,589.063,4.0396,7475.667575,2
GAM18A147,Serranidae,Epinephelus,Epinephelus merra,Mangareva,D2,Lagoon,23.08718,134.97366,16.06.18,129.1,205,175,190.641,3.4975,2094.709987,7
GAM18A148,Acanthuridae,Zebrasoma,Zebrasoma scopas,Mangareva,D2,Lagoon,23.08718,134.97366,16.06.18,35.3,109,78,443.161,2.9222,4068.378427,2
GAM18A149,Chaetodontidae,Chaetodon,Chaetodon auriga,Mangareva,D2,Lagoon,23.08718,134.97366,16.06.18,56.4,125,101,681.459,2.6911,5761.286075,3
GAM18A150,Serranidae,Epinephelus,Epinephelus merra,Mangareva,D2,Lagoon,23.08718,134.97366,16.06.18,108.4,199,151,164.082,4.7776,2462.751543,7
GAM18A151,Pomacentridae,Stegastes,Stegastes nigricans,Mangareva,D2,Lagoon,23.08718,134.97366,16.06.18,41.1,120,95,516.769,3.1306,5082.459269,2
GAM18A153,Acanthuridae,Zebrasoma,Zebrasoma scopas,Mangareva,D2,Lagoon,23.08718,134.97366,16.06.18,54.3,120,91,493.936,4.7339,7345.809012,2
GAM18A155,Serranidae,Epinephelus,Epinephelus merra,Mangareva,D2,Lagoon,23.08718,134.97366,16.06.18,94.8,195,154,181.317,2.3499,1338.559802,7
GAM18A156,Holocentridae,Myripristis,Myripristis berndti,Mangareva,E2,Outer,23.04886,134.99254,16.06.18,283.6,255,192,331.247,4.7251,4917.142909,7
GAM18A157,Holocentridae,Sargocentron,Sargocentron spiniferum,Mangareva,E2,Outer,23.04886,134.99254,16.06.18,550,320,280,303.716,5.9313,5659.361487,7
GAM18A158,Serranidae,Cephalopholis,Cephalopholis argus,Mangareva,E2,Outer,23.04886,134.99254,16.06.18,1400,444.6,350,440.177,6.43,8891.769414,4
GAM18A159,Holocentridae,Myripristis,Myripristis berndti,Mangareva,E2,Outer,23.04886,134.99254,16.06.18,287.7,279,191,391.738,5.1449,6331.731824,7
GAM18A160,Holocentridae,Myripristis,Myripristis berndti,Mangareva,E2,Outer,23.04886,134.99254,17.06.18,290.3,274,201,151.547,2.6871,1279.325467,7
GAM18A161,Pomacentridae,Stegastes,Stegastes nigricans,Mangareva,E1,Lagoon,23.080922,135.016362,17.06.18,49.4,140,110,610.398,2.6737,5127.145601,2
GAM18A162,Pomacentridae,Chromis,Chromis viridis,Mangareva,E1,Lagoon,23.080922,135.016362,17.06.18,29.8,135,94,195.45,2.8647,1758.995367,8
GAM18A163,Chaetodontidae,Chaetodon,Chaetodon auriga,Mangareva,E1,Lagoon,23.080922,135.016362,17.06.18,137.8,185,146,810.862,2.5857,6586.807273,3
GAM18A165,Labridae,Scarus,Scarus psittacus,Mangareva,E1,Lagoon,23.080922,135.016362,17.06.18,193.2,235,185,409.757,8.8332,11370.88633,2
GAM18A166,Pomacentridae,Abudefduf,Abudefduf sexfasciatus,Mangareva,E1,Lagoon,23.080922,135.016362,17.06.18,88.2,172,129,187.061,3.8296,2250.538977,8
GAM18A167,Pomacentridae,Abudefduf,Abudefduf sexfasciatus,Mangareva,E1,Lagoon,23.080922,135.016362,17.06.18,73.4,167,123,310.283,4.2248,4118.262345,8
GAM18A168,Holocentridae,Myripristis,Myripristis berndti,Mangareva,E1,Lagoon,23.080922,135.016362,17.06.18,269.3,257,189,271.383,4.0979,3493.766433,7
GAM18A169,Balistidae,Rhinecanthus,Rhinecanthus aculeatus,Mangareva,E1,Lagoon,23.080922,135.016362,17.06.18,96.4,155,130,203.513,2.8634,1830.728952,5
GAM18A170,Pomacentridae,Abudefduf,Abudefduf sexfasciatus,Mangareva,E1,Lagoon,23.080922,135.016362,17.06.18,73.9,154,105,215.925,4.0426,2742.291216,8
GAM18A171,Holocentridae,Myripristis,Myripristis berndti,Mangareva,E1,Lagoon,23.080922,135.016362,17.06.18,284.4,253,189,200.142,5.6686,3564.215221,7
GAM18A172,Pomacentridae,Abudefduf,Abudefduf sexfasciatus,Mangareva,E1,Lagoon,23.080922,135.016362,17.06.18,75.7,168,124,209.293,3.6945,2429.183076,8
GAM18A173,Pomacentridae,Dascyllus,Dascyllus flavicaudus,Mangareva,E1,Lagoon,23.080922,135.016362,17.06.18,34.2,110,90,328.313,1.9337,1994.467893,8
GAM18A174,Holocentridae,Myripristis,Myripristis violacea,Mangareva,E1,Lagoon,23.080922,135.016362,17.06.18,148.9,204,150,294.594,3.3046,3058.388616,7
GAM18A175,Chaetodontidae,Chaetodon,Chaetodon reticulatus,Mangareva,E1,Lagoon,23.080922,135.016362,17.06.18,63.6,130,100,1120.769,2.0335,7159.952802,3
GAM18A176,Aulostomidae,Aulostomus,Aulostomus chinensis,Mangareva,E1,Lagoon,23.080922,135.016362,17.06.18,42.8,320,295,34.012,2.1549,230.2550501,NA
GAM18A177,Aulostomidae,Aulostomus,Aulostomus chinensis,Mangareva,E1,Lagoon,23.080922,135.016362,17.06.18,40.1,312,280,30.991,2.1898,213.2013322,NA
GAM18A178,Holocentridae,Myripristis,Myripristis violacea,Mangareva,E1,Lagoon,23.080922,135.016362,17.06.18,99.5,180,150,156.978,3.5275,1739.625186,7
GAM18A179,Labridae,Epibulus,Epibulus insidiator,Mangareva,E1,Lagoon,23.080922,135.016362,17.06.18,174.9,250,174,62.059,5.2536,1024.263388,7
GAM18A181,Pomacentridae,Dascyllus,Dascyllus flavicaudus,Mangareva,E1,Lagoon,23.080922,135.016362,17.06.18,22.8,95,75,362.526,2.041,2324.513306,8
GAM18A182,Holocentridae,Myripristis,Myripristis violacea,Mangareva,E1,Lagoon,23.080922,135.016362,17.06.18,110.8,188,133,148.343,3.4106,1589.453101,7
GAM18A183,Holocentridae,Sargocentron,Sargocentron spiniferum,Mangareva,E1,Lagoon,23.080922,135.016362,17.06.18,239,250,207,223.492,4.599,3229.053676,7
GAM18A185,Pomacentridae,Dascyllus,Dascyllus flavicaudus,Mangareva,E1,Lagoon,23.080922,135.016362,17.06.18,25.3,100,75,207.257,2.9404,1914.544629,8
GAM18A186,Holocentridae,Myripristis,Myripristis amaena,Mangareva,E1,Lagoon,23.080922,135.016362,17.06.18,183,235,171,282.745,3.8234,3396.210045,8
GAM18A187,Balistidae,Rhinecanthus,Rhinecanthus aculeatus,Mangareva,E1,Lagoon,23.080922,135.016362,17.06.18,113.2,175,142,330.348,4.24,4400.351924,5
GAM18A188,Holocentridae,Sargocentron,Sargocentron spiniferum,Mangareva,E1,Lagoon,23.080922,135.016362,17.06.18,900,300,265,237.711,4.3438,3243.911316,7
GAM18A189,Chaetodontidae,Chaetodon,Chaetodon auriga,Mangareva,E1,Lagoon,23.080922,135.016362,17.06.18,166.2,177,145,751.268,1.4942,3526.578012,3
GAM18A190,Holocentridae,Myripristis,Myripristis kuntee,Mangareva,E1,Lagoon,23.080922,135.016362,17.06.18,67.6,170,123,133.446,2.8583,1198.293607,8
GAM18A191,Pomacentridae,Stegastes,Stegastes nigricans,Mangareva,E1,Lagoon,23.080922,135.016362,17.06.18,46.8,125,94,608.882,3.4351,6570.8627,2
GAM18A192,Labridae,Halichoeres,Halichoeres trimaculatus,Mangareva,E1,Lagoon,23.080922,135.016362,17.06.18,79.2,170,140,132.745,4.2707,1781.013082,5
GAM18A193,Labridae,Halichoeres,Halichoeres trimaculatus,Mangareva,E1,Lagoon,23.080922,135.016362,17.06.18,66.6,174,130,139.065,2.6029,1137.169482,5
GAM18A194,Serranidae,Cephalopholis,Cephalopholis argus,Mangareva,F1,Outer,23.07685,135.01845,17.06.18,1850,450,360,366.114,6.5465,7529.660262,4
GAM18A195,Holocentridae,Myripristis,Myripristis berndti,Mangareva,F1,Outer,23.07685,135.01845,17.06.18,231.9,244,187,197.107,3.2461,2010.082189,7
GAM18A196,Holocentridae,Sargocentron,Sargocentron spiniferum,Mangareva,F1,Outer,23.07685,135.01845,17.06.18,300,310,270,320.577,5.9252,5967.401337,7
GAM18A197,Labridae,Scarus,Scarus psittacus,Mangareva,F2,Lagoon,23.062236,134.996667,17.06.18,364.5,291,194,366.859,14.7422,16990.70304,2
GAM18A198,Pomacentridae,Dascyllus,Dascyllus flavicaudus,Mangareva,F2,Lagoon,23.062236,134.996667,18.06.18,22,80,70,251.353,1.8111,1430.13283,8
GAM18A199,Holocentridae,Myripristis,Myripristis amaena,Mangareva,F2,Lagoon,23.062236,134.996667,18.06.18,151.9,213,157,241.006,2.8343,2145.969495,8
GAM18A200,Holocentridae,Myripristis,Myripristis violacea,Mangareva,F2,Lagoon,23.062236,134.996667,18.06.18,97.6,165,125,277.24,2.704,2355.116798,7
GAM18A201,Pomacentridae,Dascyllus,Dascyllus flavicaudus,Mangareva,F2,Lagoon,23.062236,134.996667,18.06.18,36.6,115,90,209.47,2.6409,1737.895513,8
GAM18A202,Holocentridae,Myripristis,Myripristis violacea,Mangareva,F2,Lagoon,23.062236,134.996667,18.06.18,168.6,219,165,159.756,3.4459,1729.45681,7
GAM18A203,Holocentridae,Myripristis,Myripristis violacea,Mangareva,F2,Lagoon,23.062236,134.996667,18.06.18,125.4,189,131,268.382,2.4174,2038.223363,7
GAM18A204,Pomacentridae,Dascyllus,Dascyllus flavicaudus,Mangareva,F2,Lagoon,23.062236,134.996667,18.06.18,15.8,75,55,190.592,1.7653,1056.995312,8
GAM18A205,Balistidae,Rhinecanthus,Rhinecanthus aculeatus,Mangareva,F2,Lagoon,23.062236,134.996667,18.06.18,186.7,196,151,312.486,4.2836,4205.226063,5
GAM18A206,Holocentridae,Myripristis,Myripristis violacea,Mangareva,F2,Lagoon,23.062236,134.996667,18.06.18,105.9,190,137,233.377,2.9686,2176.504696,7
GAM18A207,Labridae,Halichoeres,Halichoeres trimaculatus,Mangareva,F2,Lagoon,23.062236,134.996667,18.06.18,44.5,145,130,85.552,2.361,634.5648714,5
GAM18A208,Balistidae,Rhinecanthus,Rhinecanthus aculeatus,Mangareva,F2,Lagoon,23.062236,134.996667,18.06.18,85.2,156,125,304.825,4.1958,4018.049048,5
GAM18A209,Holocentridae,Myripristis,Myripristis violacea,Mangareva,F2,Lagoon,23.062236,134.996667,18.06.18,75.1,168,121,215.585,3.1969,2165.197238,7
GAM18A210,Balistidae,Rhinecanthus,Rhinecanthus aculeatus,Mangareva,F2,Lagoon,23.062236,134.996667,18.06.18,126.2,180,150,298.299,4.4766,4195.173827,5
GAM18A211,Balistidae,Rhinecanthus,Rhinecanthus aculeatus,Mangareva,F2,Lagoon,23.062236,134.996667,18.06.18,173.6,196,151,265.551,3.19,2661.267296,5
GAM18A212,Aulostomidae,Aulostomus,Aulostomus chinensis,Mangareva,F2,Lagoon,23.062236,134.996667,18.06.18,70,462,415,76.498,5.2786,1268.582474,NA
GAM18A213,Balistidae,Rhinecanthus,Rhinecanthus aculeatus,Mangareva,F2,Lagoon,23.062236,134.996667,18.06.18,89.9,158,122,264.148,3.9199,3252.911047,5
GAM18A214,Labridae,Halichoeres,Halichoeres trimaculatus,Mangareva,F2,Lagoon,23.062236,134.996667,18.06.18,76.1,171,135,96.812,5.5196,1678.752494,5
GAM18A215,Aulostomidae,Aulostomus,Aulostomus chinensis,Mangareva,F2,Lagoon,23.062236,134.996667,18.06.18,31.8,286,252,47.763,2.1669,325.1474403,NA
GAM18A216,Labridae,Halichoeres,Halichoeres trimaculatus,Mangareva,F2,Lagoon,23.062236,134.996667,18.06.18,32,130,110,108.191,3.9582,1345.360715,5
GAM18A217,Labridae,Halichoeres,Halichoeres trimaculatus,Mangareva,F2,Lagoon,23.062236,134.996667,18.06.18,37,135,110,82.448,3.6681,950.1040399,5
TET18A001,Acanthuridae,Zebrasoma,Zebrasoma scopas,Tetiaroa,TO1,Slope,-17.5791,-149.79355,27.10.18,85.3,148,121,592.538,5.4112,10073.0193,2
TET18A002,Chaetodontidae,Chaetodon,Chaetodon ornatissimus,Tetiaroa,TO1,Slope,-17.5791,-149.79355,27.10.18,125.9,160,137,1610.784,3.6917,18681.57902,3
TET18A004,Chaetodontidae,Chaetodon,Chaetodon reticulatus,Tetiaroa,TO1,Slope,-17.5791,-149.79355,27.10.18,71.5,139,114,1351.978,2.6334,11185.00876,3
TET18A005,Chaetodontidae,Chaetodon,Chaetodon reticulatus,Tetiaroa,TO1,Slope,-17.5791,-149.79355,27.10.18,85.1,147,119,1091.192,2.6083,8941.463075,3
TET18A007,Chaetodontidae,Chaetodon,Chaetodon ornatissimus,Tetiaroa,TO1,Slope,-17.5791,-149.79355,27.10.18,83.3,150,125,1361.593,2.8431,12161.560880000001,3
TET18A008,Chaetodontidae,Chaetodon,Chaetodon ornatissimus,Tetiaroa,TO1,Slope,-17.5791,-149.79355,27.10.18,83.8,136,112,1307.273,2.9619,12164.28414,3
TET18A009,Labridae,Chlorurus,Chlorurus spilurus,Tetiaroa,TO1,Slope,-17.5791,-149.79355,27.10.18,69.8,238,181,648.802,5.2868,10775.93428,2
TET18A010,Chaetodontidae,Chaetodon,Chaetodon reticulatus,Tetiaroa,TO1,Slope,-17.5791,-149.79355,27.10.18,236.9,133,107,1316.242,2.8661,11851.59921,3
TET18A011,Pomacentridae,Abudefduf,Abudefduf sexfasciatus,Tetiaroa,TO1,Slope,-17.5791,-149.79355,27.10.18,67.2,173,133,275.189,3.9017,3373.143493,8
TET18A012,Acanthuridae,Ctenochaetus,Ctenochaetus striatus,Tetiaroa,TO1,Slope,-17.5791,-149.79355,27.10.18,97.6,239,168,726.777,6.2681,14311.55962,2
TET18A013,Pomacentridae,Abudefduf,Abudefduf sexfasciatus,Tetiaroa,TO1,Slope,-17.5791,-149.79355,27.10.18,97.6,174,126,234.797,3.791,2796.380086,8
TET18A014,Serranidae,Cephalopholis,Cephalopholis urodeta,Tetiaroa,TO1,Slope,-17.5791,-149.79355,27.10.18,163.6,185,147,184.496,3.0266,1754.251495,7
TET18A015,Serranidae,Cephalopholis,Cephalopholis urodeta,Tetiaroa,TO1,Slope,-17.5791,-149.79355,27.10.18,99.8,193,155,130.062,2.5961,1060.771195,7
TET18A016,Serranidae,Cephalopholis,Cephalopholis urodeta,Tetiaroa,TO1,Slope,-17.5791,-149.79355,27.10.18,99.7,186,148,120.838,2.0031,760.4243798,7
TET18A017,Holocentridae,Myripristis,Myripristis violacea,Tetiaroa,TO1,Slope,-17.5791,-149.79355,27.10.18,103.2,173,131,191.171,3.4551,2075.068827,7
TET18A018,Labridae,Epibulus,Epibulus insidiator,Tetiaroa,TO1,Slope,-17.5791,-149.79355,27.10.18,76.4,225,200,66.597,6.3629,1331.250048,7
TET18A019,Holocentridae,Myripristis,Myripristis violacea,Tetiaroa,TO1,Slope,-17.5791,-149.79355,27.10.18,76.5,152,101,212.905,3.2991,2206.638612,7
TET18A020,Chaetodontidae,Chaetodon,Chaetodon ornatissimus,Tetiaroa,TO2,Slope,-17.00736,-149.59448,27.10.18,87.8,154,133,1242.66,3.1099,12140.83666,3
TET18A021,Labridae,Chlorurus,Chlorurus spilurus,Tetiaroa,TO2,Slope,-17.00736,-149.59448,27.10.18,200.3,225,182,535.175,10.7323,18044.23583,2
TET18A022,Chaetodontidae,Chaetodon,Chaetodon ornatissimus,Tetiaroa,TO2,Slope,-17.00736,-149.59448,27.10.18,114.3,157,133,1134.386,3.4917,12443.64617,3
TET18A024,Chaetodontidae,Chaetodon,Chaetodon ornatissimus,Tetiaroa,TO2,Slope,-17.00736,-149.59448,27.10.18,87.3,152,124,1642.865,2.6782,13822.75963,3
TET18A025,Acanthuridae,Naso,Naso lituratus,Tetiaroa,TO2,Slope,-17.00736,-149.59448,27.10.18,250.4,252,200,950.664,9.0213,26943.00591,2
TET18A026,Acanthuridae,Naso,Naso lituratus,Tetiaroa,TO2,Slope,-17.00736,-149.59448,27.10.18,219.3,242,185,920.364,7.9201,22900.24669,2
TET18A027,Chaetodontidae,Chaetodon,Chaetodon reticulatus,Tetiaroa,TO2,Slope,-17.00736,-149.59448,27.10.18,79.7,141,119,1000.293,3.4268,10768.76403,3
TET18A028,Chaetodontidae,Chaetodon,Chaetodon reticulatus,Tetiaroa,TO2,Slope,-17.00736,-149.59448,27.10.18,68.2,135,111,1372.684,2.6675,11503.36427,3
TET18A030,Chaetodontidae,Chaetodon,Chaetodon reticulatus,Tetiaroa,TO2,Slope,-17.00736,-149.59448,27.10.18,43.4,122,101,814.139,2.8492,7287.379185,3
TET18A031,Pomacentridae,Abudefduf,Abudefduf sexfasciatus,Tetiaroa,TO2,Slope,-17.00736,-149.59448,27.10.18,86.8,181,129,299.661,4.8134,4531.396353,8
TET18A032,Labridae,Epibulus,Epibulus insidiator,Tetiaroa,TO2,Slope,-17.00736,-149.59448,27.10.18,157.9,201,155,99.041,5.218,1623.562322,7
TET18A033,Holocentridae,Myripristis,Myripristis violacea,Tetiaroa,TO2,Slope,-17.00736,-149.59448,27.10.18,193.5,220,164,126.004,5.7719,2284.82532,7
TET18A034,Holocentridae,Sargocentron,Sargocentron spiniferum,Tetiaroa,TO2,Slope,-17.00736,-149.59448,27.10.18,383.9,289,229,209.147,5.3023,3483.901023,7
TET18A035,Serranidae,Cephalopholis,Cephalopholis urodeta,Tetiaroa,TO2,Slope,-17.00736,-149.59448,27.10.18,106.2,190,147,125.132,4.1128,1616.798321,7
TET18A036,Pomacentridae,Abudefduf,Abudefduf sexfasciatus,Tetiaroa,TO2,Slope,-17.00736,-149.59448,27.10.18,93,188,137,286.057,5.8373,5245.833066,8
TET18A037,Holocentridae,Sargocentron,Sargocentron spiniferum,Tetiaroa,TO2,Slope,-17.00736,-149.59448,27.10.18,NA,308,259,301.145,5.3267,5039.457275,7
TET18A038,Serranidae,Cephalopholis,Cephalopholis urodeta,Tetiaroa,TO2,Slope,-17.00736,-149.59448,27.10.18,97.8,194,158,122.219,2.8832,1107.040139,7
TET18A040,Labridae,Epibulus,Epibulus insidiator,Tetiaroa,TO2,Slope,-17.00736,-149.59448,27.10.18,187.6,225,169,76.79,6.2978,1519.299535,7
TET18A041,Serranidae,Cephalopholis,Cephalopholis argus,Tetiaroa,TO2,Slope,-17.00736,-149.59448,27.10.18,NA,305,254,236.293,3.9797,2954.275984,4
TET18A042,Serranidae,Cephalopholis,Cephalopholis argus,Tetiaroa,TO2,Slope,-17.00736,-149.59448,27.10.18,226.3,253,205,201.883,4.4018,2791.77188,4
TET18A043,Serranidae,Cephalopholis,Cephalopholis argus,Tetiaroa,TO2,Slope,-17.00736,-149.59448,27.10.18,91.5,183,145,162.304,2.5742,1312.5667,4
TET18A045,Chaetodontidae,Chaetodon,Chaetodon reticulatus,Tetiaroa,TO3,Slope,-17.00743,-149.59453,28.10.18,78.2,128,98,1074.474,2.6889,9076.542275,3
TET18A046,Labridae,Chlorurus,Chlorurus spilurus,Tetiaroa,TO3,Slope,-17.00743,-149.59453,28.10.18,225.5,223,175,493.932,8.0094,12428.45143,2
TET18A047,Chaetodontidae,Chaetodon,Chaetodon reticulatus,Tetiaroa,TO3,Slope,-17.00743,-149.59453,28.10.18,80.7,125,105,730.893,3.0715,7052.680256,3
TET18A048,Acanthuridae,Naso,Naso lituratus,Tetiaroa,TO3,Slope,-17.00743,-149.59453,28.10.18,284.3,244,195,1154.837,9.726,35286.19484,2
TET18A050,Labridae,Chlorurus,Chlorurus spilurus,Tetiaroa,TO3,Slope,-17.00743,-149.59453,28.10.18,125.8,199,149,302.736,9.0343,8592.280553,2
TET18A051,Labridae,Chlorurus,Chlorurus spilurus,Tetiaroa,TO3,Slope,-17.00743,-149.59453,28.10.18,130.2,189,149,527.807,8.2331,13651.75259,2
TET18A052,Acanthuridae,Zebrasoma,Zebrasoma scopas,Tetiaroa,TO3,Slope,-17.00743,-149.59453,28.10.18,78.6,158,127,648.854,4.3248,8815.823514,2
TET18A053,Acanthuridae,Naso,Naso lituratus,Tetiaroa,TO3,Slope,-17.00743,-149.59453,28.10.18,238.2,234,195,972.202,8.1184,24795.72599,2
TET18A054,Serranidae,Cephalopholis,Cephalopholis argus,Tetiaroa,TO3,Slope,-17.00743,-149.59453,28.10.18,124.6,203,164,148.832,3.3251,1554.715404,4
TET18A055,Serranidae,Cephalopholis,Cephalopholis urodeta,Tetiaroa,TO3,Slope,-17.00743,-149.59453,28.10.18,85.7,177,141,130.196,2.4497,1001.983146,7
TET18A056,Serranidae,Cephalopholis,Cephalopholis argus,Tetiaroa,TO3,Slope,-17.00743,-149.59453,28.10.18,110.9,202,158,132.035,2.3859,989.6717638,4
TET18A057,Serranidae,Cephalopholis,Cephalopholis argus,Tetiaroa,TO3,Slope,-17.00743,-149.59453,28.10.18,374.2,299,242,265.576,3.4844,2907.145064,4
TET18A058,Serranidae,Cephalopholis,Cephalopholis urodeta,Tetiaroa,TO3,Slope,-17.00743,-149.59453,28.10.18,90.7,177,139,144.838,2.4809,1128.864072,7
TET18A059,Serranidae,Cephalopholis,Cephalopholis argus,Tetiaroa,TO3,Slope,-17.00743,-149.59453,28.10.18,215.6,249,206,157.787,2.539,1258.588597,4
TET18A060,Serranidae,Cephalopholis,Cephalopholis argus,Tetiaroa,TO3,Slope,-17.00743,-149.59453,28.10.18,321.4,265,217,212.724,3.8353,2563.100905,4
TET18A061,Labridae,Chlorurus,Chlorurus spilurus,Tetiaroa,TO4,Slope,-16.98261,-149.56053,28.10.18,NA,272,202,667.447,11.703,24539.39566,2
TET18A062,Chaetodontidae,Chaetodon,Chaetodon ornatissimus,Tetiaroa,TO4,Slope,-16.98261,-149.56053,28.10.18,109.1,154,125,1909.081,3.4148,20480.45028,3
TET18A063,Chaetodontidae,Chaetodon,Chaetodon ornatissimus,Tetiaroa,TO4,Slope,-16.98261,-149.56053,28.10.18,100.9,140,110,1784.022,3.8049,21325.21044,3
TET18A064,Chaetodontidae,Chaetodon,Chaetodon ornatissimus,Tetiaroa,TO4,Slope,-16.98261,-149.56053,28.10.18,119.3,146,119,1572.183,2.9627,14633.24507,3
TET18A065,Acanthuridae,Naso,Naso lituratus,Tetiaroa,TO4,Slope,-16.98261,-149.56053,28.10.18,256,261,209,901.263,7.4746,21163.59156,2
TET18A066,Acanthuridae,Naso,Naso lituratus,Tetiaroa,TO4,Slope,-16.98261,-149.56053,28.10.18,295.6,345,211,654.645,6.7838,13951.7525,2
TET18A067,Acanthuridae,Naso,Naso lituratus,Tetiaroa,TO4,Slope,-16.98261,-149.56053,28.10.18,240.2,246,203,1122.242,8.5251,30056.32464,2
TET18A068,Acanthuridae,Ctenochaetus,Ctenochaetus striatus,Tetiaroa,TO4,Slope,-16.98261,-149.56053,28.10.18,124.3,211,152,713.478,5.64,12641.81885,2
TET18A069,Serranidae,Cephalopholis,Cephalopholis argus,Tetiaroa,TO4,Slope,-16.98261,-149.56053,28.10.18,278.2,262,201,250.054,5.0021,3929.488739,4
TET18A070,Acanthuridae,Naso,Naso lituratus,Tetiaroa,TO4,Slope,-16.98261,-149.56053,28.10.18,283.5,267,211,1141.674,5.8998,21160.66311,2
TET18A071,Holocentridae,Myripristis,Myripristis violacea,Tetiaroa,TO4,Slope,-16.98261,-149.56053,28.10.18,127,200,160,213.895,2.328,1564.348396,7
TET18A072,Holocentridae,Myripristis,Myripristis violacea,Tetiaroa,TO4,Slope,-16.98261,-149.56053,28.10.18,176.2,209,162,161.873,3.8193,1942.263108,7
TET18A073,Holocentridae,Myripristis,Myripristis violacea,Tetiaroa,TO4,Slope,-16.98261,-149.56053,28.10.18,159.2,198,142,190.247,3.4712,2074.661878,7
TET18A074,Serranidae,Cephalopholis,Cephalopholis urodeta,Tetiaroa,TO4,Slope,-16.98261,-149.56053,28.10.18,112.8,185,141,110.86,2.7214,947.8009232,7
TET18A075,Serranidae,Cephalopholis,Cephalopholis urodeta,Tetiaroa,TO4,Slope,-16.98261,-149.56053,28.10.18,100,191,154,147.092,2.698,1246.75429,7
TET18A076,Serranidae,Cephalopholis,Cephalopholis urodeta,Tetiaroa,TO4,Slope,-16.98261,-149.56053,28.10.18,78,177,139,149.82,2.73,1284.938413,7
TET18A077,Serranidae,Cephalopholis,Cephalopholis argus,Tetiaroa,TO4,Slope,-16.98261,-149.56053,28.10.18,225.8,253,200,211.33,4.7575,3158.565029,4
TET18A078,Labridae,Chlorurus,Chlorurus spilurus,Tetiaroa,TL1,Lagoon,-17.00431,-149.57365,29.10.18,NA,281,222,518.91,10.0442,16374.09345,2
TET18A079,Labridae,Chlorurus,Chlorurus spilurus,Tetiaroa,TL1,Lagoon,-17.00431,-149.57365,29.10.18,NA,280,212,346.095,8.5486,9294.8031,2
TET18A080,Labridae,Chlorurus,Chlorurus spilurus,Tetiaroa,TL1,Lagoon,-17.00431,-149.57365,29.10.18,NA,290,250,456.883,13.1183,18829.22435,2
TET18A081,Acanthuridae,Ctenochaetus,Ctenochaetus striatus,Tetiaroa,TL1,Lagoon,-17.00431,-149.57365,29.10.18,124.8,212,147,610.67,5.5572,10661.35697,2
TET18A082,Balistidae,Rhinecanthus,Rhinecanthus aculeatus,Tetiaroa,TL1,Lagoon,-17.00431,-149.57365,29.10.18,93.3,163,133,262.233,5.3082,4373.050512,5
TET18A083,Acanthuridae,Ctenochaetus,Ctenochaetus striatus,Tetiaroa,TL1,Lagoon,-17.00431,-149.57365,29.10.18,73.3,175,121,309.882,6.1861,6022.310721,2
TET18A084,Acanthuridae,Ctenochaetus,Ctenochaetus striatus,Tetiaroa,TL1,Lagoon,-17.00431,-149.57365,29.10.18,88.4,178,120,351.224,8.0451,8876.985369,2
TET18A085,Acanthuridae,Zebrasoma,Zebrasoma scopas,Tetiaroa,TL1,Lagoon,-17.00431,-149.57365,29.10.18,26,116,92,372.827,4.1882,4905.515377,2
TET18A086,Acanthuridae,Zebrasoma,Zebrasoma scopas,Tetiaroa,TL1,Lagoon,-17.00431,-149.57365,29.10.18,24.5,111,90,391.928,3.7236,4584.787228,2
TET18A087,Acanthuridae,Zebrasoma,Zebrasoma scopas,Tetiaroa,TL1,Lagoon,-17.00431,-149.57365,29.10.18,63.6,140,111,468.428,4.2412,6241.392177,2
TET18A088,Acanthuridae,Zebrasoma,Zebrasoma scopas,Tetiaroa,TL1,Lagoon,-17.00431,-149.57365,29.10.18,41.6,136,103,507.193,4.513,7190.986232,2
TET18A089,Pomacentridae,Stegastes,Stegastes nigricans,Tetiaroa,TL1,Lagoon,-17.00431,-149.57365,29.10.18,30.3,118,89,274.549,4.826,4162.526932,2
TET18A090,Acanthuridae,Zebrasoma,Zebrasoma scopas,Tetiaroa,TL1,Lagoon,-17.00431,-149.57365,29.10.18,26,119,89,262.321,4.0714,3355.264055,2
TET18A091,Labridae,Halichoeres,Halichoeres trimaculatus,Tetiaroa,TL1,Lagoon,-17.00431,-149.57365,29.10.18,25.2,133,108,108.506,3.2913,1121.943783,5
TET18A092,Balistidae,Rhinecanthus,Rhinecanthus aculeatus,Tetiaroa,TL1,Lagoon,-17.00431,-149.57365,29.10.18,81.9,161,135,325.123,6.0324,6161.51766,5
TET18A093,Balistidae,Rhinecanthus,Rhinecanthus aculeatus,Tetiaroa,TL1,Lagoon,-17.00431,-149.57365,29.10.18,27.2,117,92,265.25,4.3169,3597.304937,5
TET18A095,Chaetodontidae,Chaetodon,Chaetodon ornatissimus,Tetiaroa,TL2,Lagoon,-17.00312,-149.58804,29.10.18,147.7,150,130,2052.708,3.991,25737.05054,3
TET18A097,Pomacentridae,Stegastes,Stegastes nigricans,Tetiaroa,TL2,Lagoon,-17.00312,-149.58804,29.10.18,64.2,135,100,485.554,5.2835,8059.518948,2
TET18A098,Pomacentridae,Stegastes,Stegastes nigricans,Tetiaroa,TL2,Lagoon,-17.00312,-149.58804,29.10.18,22.8,117,90,165.122,3.8039,1973.258146,2
TET18A099,Serranidae,Epinephelus,Epinephelus merra,Tetiaroa,TL2,Lagoon,-17.00312,-149.58804,29.10.18,157.7,256,200,210.566,3.3096,2189.342097,7
TET18A101,Balistidae,Rhinecanthus,Rhinecanthus aculeatus,Tetiaroa,TL2,Lagoon,-17.00312,-149.58804,29.10.18,159.9,175,145,244.148,5.8711,4503.213331,5
TET18A102,Serranidae,Epinephelus,Epinephelus merra,Tetiaroa,TL2,Lagoon,-17.00312,-149.58804,29.10.18,144.4,227,183,163.091,3.4915,1788.924099,7
TET18A103,Serranidae,Epinephelus,Epinephelus merra,Tetiaroa,TL2,Lagoon,-17.00312,-149.58804,29.10.18,147.1,224,175,177.21,3.2404,1804.000783,7
TET18A104,Holocentridae,Myripristis,Myripristis violacea,Tetiaroa,TL2,Lagoon,-17.00312,-149.58804,29.10.18,129.5,210,164,71.072,4.3078,961.8424526,7
TET18A105,Serranidae,Epinephelus,Epinephelus merra,Tetiaroa,TL2,Lagoon,-17.00312,-149.58804,29.10.18,54.4,171,139,107.643,3.92,1325.628195,7
TET18A106,Serranidae,Cephalopholis,Cephalopholis argus,Tetiaroa,TL2,Lagoon,-17.00312,-149.58804,29.10.18,264.7,272,219,192.993,4.1489,2515.500437,4
TET18A107,Holocentridae,Myripristis,Myripristis violacea,Tetiaroa,TL2,Lagoon,-17.00312,-149.58804,29.10.18,150,200,150,250.93,3.6736,2895.971781,7
TET18A108,Serranidae,Epinephelus,Epinephelus merra,Tetiaroa,TL2,Lagoon,-17.00312,-149.58804,29.10.18,143.3,216,175,210.491,3.959,2617.995561,7
TET18A109,Serranidae,Epinephelus,Epinephelus merra,Tetiaroa,TL2,Lagoon,-17.00312,-149.58804,29.10.18,55.5,169,134,121.703,2.9514,1128.441967,7
TET18A110,Labridae,Chlorurus,Chlorurus spilurus,Tetiaroa,TL3,Lagoon,-17.00309,-149.58783,30.10.18,230.2,225,205,335.232,11.7642,12389.61297,2
TET18A111,Pomacentridae,Stegastes,Stegastes nigricans,Tetiaroa,TL3,Lagoon,-17.00309,-149.58783,30.10.18,86.3,150,111,450.149,4.9324,6975.325065,2
TET18A112,Pomacentridae,Stegastes,Stegastes nigricans,Tetiaroa,TL3,Lagoon,-17.00309,-149.58783,30.10.18,95.6,146,111,412.363,4.9998,6477.123762,2
TET18A113,Balistidae,Rhinecanthus,Rhinecanthus aculeatus,Tetiaroa,TL3,Lagoon,-17.00309,-149.58783,30.10.18,186.3,209,171,399.421,6.1368,7700.567589,5
TET18A115,Balistidae,Rhinecanthus,Rhinecanthus aculeatus,Tetiaroa,TL3,Lagoon,-17.00309,-149.58783,30.10.18,116.3,173,139,326.83,5.1689,5307.254535,5
TET18A116,Balistidae,Rhinecanthus,Rhinecanthus aculeatus,Tetiaroa,TL3,Lagoon,-17.00309,-149.58783,30.10.18,179.2,201,163,383.104,6.5008,7824.081473,5
TET18A117,Balistidae,Rhinecanthus,Rhinecanthus aculeatus,Tetiaroa,TL3,Lagoon,-17.00309,-149.58783,30.10.18,103.9,173,141,255.863,5.7127,4591.96721,5
TET18A118,Balistidae,Rhinecanthus,Rhinecanthus aculeatus,Tetiaroa,TL3,Lagoon,-17.00309,-149.58783,30.10.18,131.8,185,149,343.563,6.4992,7014.814011,5
TET18A119,Balistidae,Rhinecanthus,Rhinecanthus aculeatus,Tetiaroa,TL3,Lagoon,-17.00309,-149.58783,30.10.18,66.1,154,124,261.541,5.1722,4249.765461,5
TET18A120,Serranidae,Epinephelus,Epinephelus merra,Tetiaroa,TL3,Lagoon,-17.00309,-149.58783,30.10.18,136.7,225,177,164.332,4.2601,2199.337135,7
TET18A121,Serranidae,Epinephelus,Epinephelus merra,Tetiaroa,TL3,Lagoon,-17.00309,-149.58783,30.10.18,177.5,226,186,207.584,4.2626,2779.830589,7
TET18A122,Serranidae,Epinephelus,Epinephelus merra,Tetiaroa,TL3,Lagoon,-17.00309,-149.58783,30.10.18,132.4,228,175,185.159,2.7221,1583.429657,7
TET18A123,Serranidae,Epinephelus,Epinephelus merra,Tetiaroa,TL3,Lagoon,-17.00309,-149.58783,30.10.18,105.4,190,152,149.118,3,1405.40404,7
TET18A125,Holocentridae,Myripristis,Myripristis violacea,Tetiaroa,TL3,Lagoon,-17.00309,-149.58783,30.10.18,164.3,200,180,198.241,3.9188,2440.599128,7
TET18A126,Acanthuridae,Zebrasoma,Zebrasoma scopas,Tetiaroa,TO5,Slope,-17.00358,-149.59195,30.10.18,86.3,151,110,455.098,4.0963,5856.613377,2
TET18A127,Acanthuridae,Zebrasoma,Zebrasoma scopas,Tetiaroa,TO5,Slope,-17.00358,-149.59195,30.10.18,107.3,165,135,395.822,5.4159,6734.733864,2
TET18A128,Acanthuridae,Zebrasoma,Zebrasoma scopas,Tetiaroa,TO5,Slope,-17.00358,-149.59195,30.10.18,99,169,134,682.088,5.2597,11270.70949,2
TET18A129,Acanthuridae,Zebrasoma,Zebrasoma scopas,Tetiaroa,TO5,Slope,-17.00358,-149.59195,30.10.18,112.4,169,136,541.147,5.5145,9374.999838,2
TET18A130,Acanthuridae,Naso,Naso lituratus,Tetiaroa,TO5,Slope,-17.00358,-149.59195,30.10.18,236.5,238,191,964.738,9.0887,27546.15751,2
TET18A131,Pomacentridae,Abudefduf,Abudefduf sexfasciatus,Tetiaroa,TO5,Slope,-17.00358,-149.59195,30.10.18,82.1,179,130,243.497,3.2766,2506.495415,8
TET18A132,Pomacentridae,Abudefduf,Abudefduf sexfasciatus,Tetiaroa,TO5,Slope,-17.00358,-149.59195,30.10.18,55.2,158,111,129.578,3.1557,1284.626436,8
TET18A133,Pomacentridae,Abudefduf,Abudefduf sexfasciatus,Tetiaroa,TO5,Slope,-17.00358,-149.59195,30.10.18,66,169,123,158.659,4.2454,2116.08545,8
TET18A134,Pomacentridae,Abudefduf,Abudefduf sexfasciatus,Tetiaroa,TO5,Slope,-17.00358,-149.59195,30.10.18,66,163,114,201.252,4.3546,2753.203709,8
TET18A135,Pomacentridae,Abudefduf,Abudefduf sexfasciatus,Tetiaroa,TO5,Slope,-17.00358,-149.59195,30.10.18,27,129,91,94.269,3.031,897.6451923,8
TET18A136,Acanthuridae,Zebrasoma,Zebrasoma scopas,Tetiaroa,TO5,Slope,-17.00358,-149.59195,30.10.18,57.6,137,110,524.515,4.6675,7691.164707,2
TET18A137,Chaetodontidae,Chaetodon,Chaetodon reticulatus,Tetiaroa,TO5,Slope,-17.00358,-149.59195,30.10.18,67.4,133,110,926.891,2.5731,7492.645801,3
TET18A138,Chaetodontidae,Chaetodon,Chaetodon reticulatus,Tetiaroa,TO5,Slope,-17.00358,-149.59195,30.10.18,62.4,135,112,1319.14,2.667,11052.58282,3
TET18A139,Labridae,Epibulus,Epibulus insidiator,Tetiaroa,TO5,Slope,-17.00358,-149.59195,30.10.18,146.3,225,192,84.238,4.8641,1287.242632,7
TET18A140,Labridae,Epibulus,Epibulus insidiator,Tetiaroa,TO5,Slope,-17.00358,-149.59195,30.10.18,203.5,237,188,119.211,6.2243,2331.077543,7
TET18A141,Holocentridae,Sargocentron,Sargocentron spiniferum,Tetiaroa,TO5,Slope,-17.00358,-149.59195,30.10.18,345.8,289,222,250.779,7.2515,5713.061383,7
TET18A142,Serranidae,Cephalopholis,Cephalopholis argus,Tetiaroa,TO5,Slope,-17.00358,-149.59195,30.10.18,NA,309,261,300.819,3.7378,3532.410732,4
TET18A143,Serranidae,Epinephelus,Epinephelus merra,Tetiaroa,TL3,Lagoon,-17.00309,-149.58783,30.10.18,91.6,202,160,153.196,2.908,1399.560577,7
TET18A144,Holocentridae,Myripristis,Myripristis violacea,Tetiaroa,TL5,Lagoon,-17.00335,-149.57213,1.11.18,109.7,180,150,220.963,3.9166,2718.808694,7
TET18A145,Pomacentridae,Stegastes,Stegastes nigricans,Tetiaroa,TL4,Lagoon,-17.00968,-149.5784,1.11.18,47.3,94,69,167.136,3.6428,1912.736761,2
TET18A146,Pomacentridae,Stegastes,Stegastes nigricans,Tetiaroa,TL4,Lagoon,-17.00968,-149.5784,1.11.18,20,93,71,195.582,2.4511,1506.05137,2
TET18A147,Pomacentridae,Stegastes,Stegastes nigricans,Tetiaroa,TL4,Lagoon,-17.00968,-149.5784,1.11.18,11.4,80,53,188.096,3.0128,1780.326824,2
TET18A148,Pomacentridae,Stegastes,Stegastes nigricans,Tetiaroa,TL5,Lagoon,-17.00335,-149.57213,1.11.18,8.4,75,60,156.638,2.6071,1282.935113,2
TET18A149,Pomacentridae,Stegastes,Stegastes nigricans,Tetiaroa,TL5,Lagoon,-17.00335,-149.57213,1.11.18,32.9,110,81,225.183,3.1432,2223.604218,2
TET18A150,Chaetodontidae,Chaetodon,Chaetodon auriga,Tetiaroa,TL7,Lagoon,-16.99409,-149.55589,2.11.18,97.4,154,125,658.632,2.6243,5430.079406,3
TET18A151,Acanthuridae,Naso,Naso lituratus,Tetiaroa,TO6,Slope,-16.99398,-149.5563,3.11.18,257.2,239,186,1119.536,8.0478,28305.12721,2
TET18A152,Chaetodontidae,Chaetodon,Chaetodon auriga,Tetiaroa,TO6,Slope,-16.99398,-149.5563,3.11.18,106.4,166,138,1038.754,3.0272,9878.788707,3
TET18A153,Labridae,Epibulus,Epibulus insidiator,Tetiaroa,TO6,Slope,-16.99398,-149.5563,3.11.18,216.5,230,200,101.875,5.7402,1837.149584,7
TET18A154,Labridae,Epibulus,Epibulus insidiator,Tetiaroa,TO6,Slope,-16.99398,-149.5563,3.11.18,172.3,210,170,69.321,6.2473,1360.526651,7
TET18A155,Labridae,Epibulus,Epibulus insidiator,Tetiaroa,TO6,Slope,-16.99398,-149.5563,3.11.18,135.9,200,158,49.314,5.1863,803.484935,7
TET18A156,Holocentridae,Sargocentron,Sargocentron spiniferum,Tetiaroa,TO6,Slope,-16.99398,-149.5563,3.11.18,NA,315,249,155.505,5.1572,2519.464273,7
TET18A158,Chaetodontidae,Chaetodon,Chaetodon ornatissimus,Tetiaroa,TO7,Slope,-17.00007,-149.5899,3.11.18,95.2,146,120,2054.131,2.7833,17961.31085,3
TET18A159,Pomacentridae,Abudefduf,Abudefduf sexfasciatus,Tetiaroa,TO7,Slope,-17.00007,-149.5899,3.11.18,86.3,180,140,163.742,4.2714,2197.253711,8
TET18A160,Chaetodontidae,Chaetodon,Chaetodon reticulatus,Tetiaroa,TO7,Slope,-17.00007,-149.5899,3.11.18,135.9,139,115,744.684,3.1614,7396.075648,3
TET18A161,Holocentridae,Sargocentron,Sargocentron spiniferum,Tetiaroa,TO7,Slope,-17.00007,-149.5899,3.11.18,NA,299,251,369.799,7.0461,8185.861788,7
TET18A162,Holocentridae,Sargocentron,Sargocentron spiniferum,Tetiaroa,TO7,Slope,-17.00007,-149.5899,3.11.18,NA,300,250,219.341,7.2008,4961.927799,7
TET18A163,Pomacentridae,Abudefduf,Abudefduf sexfasciatus,Tetiaroa,TO7,Slope,-17.00007,-149.5899,3.11.18,79.8,162,117,181.126,4.3396,2469.337032,8
TET18A164,Chaetodontidae,Chaetodon,Chaetodon reticulatus,Tetiaroa,TO7,Slope,-17.00007,-149.5899,3.11.18,56.8,122,98,1049.629,2.727,8992.300922,3
TET18A165,Cirrhitidae,Paracirrhites,Paracirrhites arcatus,Tetiaroa,TO7,Slope,-17.00007,-149.5899,3.11.18,12.8,87,68,75.091,2.3632,557.4914852,7
TET18A166,Holocentridae,Sargocentron,Sargocentron spiniferum,Tetiaroa,TO8,Slope,-17.00867,-149.59573,3.11.18,NA,280,240,261.384,7.2807,5978.634568,7
TET18A167,Chaetodontidae,Chaetodon,Chaetodon auriga,Tetiaroa,TL2,Lagoon,-17.00312,-149.58804,4.11.18,73.9,145,120,978.651,2.5235,7758.558266,3
TET18A168,Chaetodontidae,Chaetodon,Chaetodon auriga,Tetiaroa,TL2,Lagoon,-17.00312,-149.58804,4.11.18,76.2,155,130,889.624,2.4445,6831.977147,3
TET18A169,Cirrhitidae,Paracirrhites,Paracirrhites arcatus,Tetiaroa,TO9,Slope,-17.00371,-149.59258,4.11.18,10.1,90,66,55.601,1.0012,174.885304,7
TET18A170,Cirrhitidae,Paracirrhites,Paracirrhites arcatus,Tetiaroa,TO9,Slope,-17.00371,-149.59258,4.11.18,4.45,70,55,35.926,1.0343,116.7361223,7
TET18A171,Cirrhitidae,Neocirrhites,Neocirrhites armatus,Tetiaroa,TO9,Slope,-17.00371,-149.59258,4.11.18,3,55,46,46.38,1.0476,152.6427237,7
TET18A172,Cirrhitidae,Neocirrhites,Neocirrhites armatus,Tetiaroa,TO9,Slope,-17.00371,-149.59258,4.11.18,2.1,47,37,27.323,1.9878,170.6282518,7
TET18A174,Cirrhitidae,Neocirrhites,Neocirrhites armatus,Tetiaroa,TO9,Slope,-17.00371,-149.59258,4.11.18,1.43,43,33,37.479,1.3676,161.026354,7
TET18A175,Cirrhitidae,Paracirrhites,Paracirrhites arcatus,Tetiaroa,TO10,Slope,-17.03272,-149.56323,4.11.18,5.59,75,62,41.143,1.6917,218.6599164,7
TET18A176,Chaetodontidae,Chaetodon,Chaetodon auriga,Tetiaroa,TO11,Slope,-17.00817,-149.59544,5.11.18,45.4,129,101,580.188,2.6686,4864.095537,3
TET18A177,Cirrhitidae,Paracirrhites,Paracirrhites arcatus,Tetiaroa,TO11,Slope,-17.00817,-149.59544,5.11.18,26,155,135,94.881,2.9233,871.3698171,7
TET18A178,Cirrhitidae,Paracirrhites,Paracirrhites arcatus,Tetiaroa,TO11,Slope,-17.00817,-149.59544,5.11.18,22.8,105,82,90.504,1.9255,547.4710638,7
TET18A179,Cirrhitidae,Paracirrhites,Paracirrhites arcatus,Tetiaroa,TO11,Slope,-17.00817,-149.59544,5.11.18,14.6,95,74,68.337,1.846,396.3122337,7
TET18A180,Cirrhitidae,Paracirrhites,Paracirrhites arcatus,Tetiaroa,TO11,Slope,-17.00817,-149.59544,5.11.18,24.1,120,95,81.55,2.2174,568.0909637,7
TET18A181,Labridae,Epibulus,Epibulus insidiator,Tetiaroa,TO12,Slope,-16.99801,-149.58928,5.11.18,217.8,249,199,112.079,6.4988,2288.270132,7
TET18A182,Labridae,Epibulus,Epibulus insidiator,Tetiaroa,TO12,Slope,-16.99801,-149.58928,5.11.18,NA,330,215,161.083,7.8824,3988.945032,7
TET18A183,Holocentridae,Sargocentron,Sargocentron spiniferum,Tetiaroa,TO12,Slope,-16.99801,-149.58928,5.11.18,NA,320,265,307.07,6.4576,6229.574757,7
TET18A184,Holocentridae,Sargocentron,Sargocentron spiniferum,Tetiaroa,TO12,Slope,-16.99801,-149.58928,5.11.18,NA,319,235,284.761,7.5845,6785.116951,7
TET18A186,Cirrhitidae,Paracirrhites,Paracirrhites arcatus,Tetiaroa,TO12,Slope,-16.99801,-149.58928,5.11.18,23.3,114,91,94.739,2.7864,829.3199836,7
TET18A187,Cirrhitidae,Paracirrhites,Paracirrhites arcatus,Tetiaroa,TO12,Slope,-16.99801,-149.58928,5.11.18,26,117,93,96.122,2.5244,762.3086411,7
TET18A189,Chaetodontidae,Chaetodon,Chaetodon auriga,Tetiaroa,TL8,Lagoon,-16.99798,-149.58922,6.11.18,72,161,120,555.38,3.2181,5614.869206,3
TET18A190,Chaetodontidae,Chaetodon,Chaetodon auriga,Tetiaroa,TL8,Lagoon,-16.99798,-149.58922,6.11.18,92.3,163,142,629.637,3.2381,6405.165715,3
TET18A191,Chaetodontidae,Chaetodon,Chaetodon auriga,Tetiaroa,TL8,Lagoon,-16.99798,-149.58922,6.11.18,39.4,124,108,321.644,2.8506,2880.458403,3
TET18A200,Acanthuridae,Zebrasoma,Zebrasoma scopas,Tetiaroa,TO8,Slope,-17.00007,-149.5899,3.11.19,111.5,152,120,617.057,5.5127,10686.59904,2
TET18A201,Acanthuridae,Zebrasoma,Zebrasoma scopas,Tetiaroa,TO9,Slope,-17.00007,-149.5899,3.11.20,65.6,136,109,581.574,5.6541,10330.4286,2
